Altium Designer Pick and Place Locations
C:\git\cp2\breakout_breadboard\Project Outputs for breakout_breadboard\Pick Place for breakout_breadboard.csv

========================================================================================================================
File Design Information:

Date:       07/11/22
Time:       22:21
Revision:   83b45699bdc00fcc36df7925a6ac1081dc9f8b64
Variant:    No variations
Units used: mm

"Designator","Comment","Layer","Footprint","Center-X(mm)","Center-Y(mm)","Rotation","Description","Ref-X(mm)","Ref-Y(mm)","Pad-X(mm)","Pad-Y(mm)"
"JSWD_2","DS1023-2*5SF11","TopLayer","HDR_FEM_2X5P","199.0000","132.0000","270","J - JACK - PIN_HEADER 2X5P","199.0000","132.0000","200.2700","137.0800"
"JSWD","DS1023-2*5SF11","TopLayer","HDR_FEM_2X5P","192.0000","132.0000","270","J - JACK - PIN_HEADER 2X5P","192.0000","132.0000","193.2700","137.0800"
"U?","BITSNAP_GF_B","TopLayer","POWERNET-MAC","141.2400","132.0000","90","U - IC - Bitsnap CPU, NGFF B Key","182.7400","132.0000","186.2400","141.2500"
